{
  "id": "102019aed54e5cc7b2b9c61448368f210fc",
  "version": "102019af001c8e878d09110bc3eeb6e1b98",
  "schema": {
    "name": "couple",
    "description": "Represents a relationship between two users for shared budgeting purposes.",
    "fields": [
      {
        "name": "id",
        "description": "Unique identifier for the couple relationship.",
        "type": 1,
        "compliance": {
          "confidentiality": 2,
          "reason": "Internal identifier."
        }
      },
      {
        "name": "data_creator",
        "description": "id of the user who creates the record",
        "type": 1,
        "compliance": {
          "confidentiality": 2,
          "reason": "Audit trail."
        }
      },
      {
        "name": "data_updater",
        "description": "id of the user who updates the record",
        "type": 1,
        "compliance": {
          "confidentiality": 2,
          "reason": "Audit trail."
        }
      },
      {
        "name": "create_time",
        "description": "create time in timestamp unix",
        "type": 1,
        "compliance": {
          "confidentiality": 2,
          "reason": "Audit trail."
        },
        "format": "timestamp"
      },
      {
        "name": "update_time",
        "description": "update time in timestamp unix",
        "type": 1,
        "compliance": {
          "confidentiality": 2,
          "reason": "Audit trail."
        },
        "format": "timestamp"
      },
      {
        "name": "partner_one_id",
        "description": "ID of the first user in the couple.",
        "type": 1,
        "compliance": {
          "confidentiality": 2,
          "reason": "Reference to user."
        }
      },
      {
        "name": "partner_two_id",
        "description": "ID of the second user in the couple.",
        "type": 1,
        "compliance": {
          "confidentiality": 2,
          "reason": "Reference to user."
        }
      },
      {
        "name": "status",
        "description": "Status of the couple relationship connection.",
        "type": 100,
        "compliance": {
          "confidentiality": 2,
          "reason": "Relationship state."
        },
        "enumeration": [
          {
            "value": "Unspecified"
          },
          {
            "number": 1,
            "value": "Pending"
          },
          {
            "number": 2,
            "value": "Active"
          },
          {
            "number": 3,
            "value": "Dissolved"
          }
        ]
      }
    ],
    "indexes": [
      {
        "fields": [
          "id"
        ],
        "unique": true,
        "primary": true,
        "order": false
      },
      {
        "fields": [
          "partner_one_id"
        ],
        "order": false
      },
      {
        "fields": [
          "partner_two_id"
        ],
        "order": false
      },
      {
        "fields": [
          "data_creator"
        ],
        "order": false
      },
      {
        "fields": [
          "data_updater"
        ],
        "order": false
      }
    ],
    "relations": [
      {
        "referencing_fields": [
          "partner_one_id"
        ],
        "referenced_entity": {
          "name": "user"
        },
        "referenced_fields": [
          "id"
        ]
      },
      {
        "referencing_fields": [
          "partner_two_id"
        ],
        "referenced_entity": {
          "name": "user"
        },
        "referenced_fields": [
          "id"
        ]
      }
    ]
  },
  "task": {
    "id": "693333902a0d38db625eddb7",
    "root": "69328003c70740a92a92684f",
    "project": "69328003c70740a92a92684e",
    "user": "687183e0-c051-7000-5ebd-0c2a0e77084e"
  },
  "namespace": {
    "id": "01987547fc6c72ecb453bd2736bd4ea0",
    "tenant": 2,
    "name": "global-1",
    "default": true
  },
  "revision": 1
}