{
  "id": "102019aed54e5cc77deb0d1cd19e0df0886",
  "version": "102019af001c8e878d09110bc3eeb6e1b98",
  "schema": {
    "name": "user",
    "description": "Stores user account information for authentication and profile management within the budgeting application.",
    "fields": [
      {
        "name": "id",
        "description": "Unique identifier for the user.",
        "type": 1,
        "compliance": {
          "confidentiality": 2,
          "reason": "Internal identifier used for system operations."
        }
      },
      {
        "name": "data_creator",
        "description": "id of the user who creates the record",
        "type": 1,
        "compliance": {
          "confidentiality": 2,
          "reason": "Audit trail information."
        }
      },
      {
        "name": "data_updater",
        "description": "id of the user who updates the record",
        "type": 1,
        "compliance": {
          "confidentiality": 2,
          "reason": "Audit trail information."
        }
      },
      {
        "name": "create_time",
        "description": "create time in timestamp unix",
        "type": 1,
        "compliance": {
          "confidentiality": 2,
          "reason": "Audit trail information."
        },
        "format": "timestamp"
      },
      {
        "name": "update_time",
        "description": "update time in timestamp unix",
        "type": 1,
        "compliance": {
          "confidentiality": 2,
          "reason": "Audit trail information."
        },
        "format": "timestamp"
      },
      {
        "name": "email",
        "description": "User's email address used for login and notifications.",
        "type": 1,
        "compliance": {
          "confidentiality": 3,
          "reason": "Personally Identifiable Information (PII)."
        },
        "taxonomy": {
          "category": "Account Data",
          "subject": "User"
        }
      },
      {
        "name": "password",
        "description": "Encrypted password for user authentication.",
        "type": 1,
        "compliance": {
          "confidentiality": 4,
          "reason": "Authentication credential requiring high security."
        },
        "encryption": true,
        "format": "password"
      },
      {
        "name": "name",
        "description": "Full name or display name of the user.",
        "type": 1,
        "compliance": {
          "confidentiality": 2,
          "reason": "User profile information."
        }
      },
      {
        "name": "currency_preference",
        "description": "ISO currency code representing the user's default currency preference.",
        "type": 1,
        "compliance": {
          "confidentiality": 1,
          "reason": "User preference setting."
        },
        "nullable": true
      }
    ],
    "indexes": [
      {
        "fields": [
          "id"
        ],
        "unique": true,
        "primary": true,
        "order": false
      },
      {
        "fields": [
          "email"
        ],
        "unique": true,
        "order": false
      },
      {
        "fields": [
          "data_creator"
        ],
        "order": false
      },
      {
        "fields": [
          "data_updater"
        ],
        "order": false
      }
    ]
  },
  "task": {
    "id": "693333902a0d38db625eddb7",
    "root": "69328003c70740a92a92684f",
    "project": "69328003c70740a92a92684e",
    "user": "687183e0-c051-7000-5ebd-0c2a0e77084e"
  },
  "namespace": {
    "id": "01987547fc6c72ecb453bd2736bd4ea0",
    "tenant": 2,
    "name": "global-1",
    "default": true
  },
  "revision": 1
}